epoch,learning_rate,train_loss,train_metric,test_loss,test_metric
1,0.0001,0.0044454427416589,0.0550556555390358,0.0044570987803915,0.0546649880707263
2,9.900000000000001e-05,0.0026519523115705,0.0385563597083091,0.0026914385995891,0.0394769199192523
3,9.801e-05,0.0016070073754151,0.0302641354501247,0.001656788593249,0.0310526322573423
4,9.702989999999999e-05,0.0016673772853042,0.029388103634119,0.0018126960302807,0.0315962471067905
5,9.6059601e-05,0.0013355979451186,0.0266896076500415,0.0014640388701156,0.0285642445087432
6,9.509900499e-05,0.0011900161394975,0.025149879977107,0.0013070235134908,0.0268540661782026
7,9.41480149401e-05,0.0017711201529305,0.0319918915629386,0.0019440410356402,0.0342779122292995
8,9.320653479069899e-05,0.00141349729938,0.0293247234076261,0.001559875669551,0.0311650801450014
9,9.227446944279202e-05,0.0011653688190321,0.0257935766130685,0.0012860085312075,0.0274286605417728
10,9.135172474836409e-05,0.0012333489097165,0.0273779202252626,0.0013663026198803,0.029065640643239
11,9.043820750088044e-05,0.001438104132615,0.0299035999923944,0.0015950247716001,0.0318368785083293
12,8.953382542587164e-05,0.0014729294602918,0.0301944036036729,0.0016222336951705,0.0320339389145374
13,8.863848717161293e-05,0.001304252442139,0.0280797518789768,0.0014318256862198,0.0297598391771316
14,8.77521022998968e-05,0.0012666171143287,0.0279358606785535,0.0014189113411736,0.0298941954970359
15,8.687458127689783e-05,0.0013163206923626,0.0284864902496337,0.0014761550350669,0.0304577704519033
16,8.600583546412884e-05,0.0011839851345916,0.0269424468278884,0.0013224330080543,0.0286898743361234
17,8.514577710948756e-05,0.0011820437320234,0.0269349757581949,0.0013459679429923,0.028940126299858
18,8.429431933839267e-05,0.0011318904408189,0.026275897398591,0.0012937305730705,0.0282575301826
19,8.345137614500875e-05,0.0011623274130854,0.0266919713467359,0.0013223458958599,0.0286644324660301
20,8.261686238355867e-05,0.0011002600088965,0.0258402656763792,0.0012566448110751,0.027786549180746
21,8.179069375972308e-05,0.0010820354913601,0.025590231642127,0.0012373944772467,0.0275277234613895
22,8.097278682212584e-05,0.0011301919964457,0.0262896884232759,0.00128832164317,0.0282527990639209
23,8.016305895390458e-05,0.0010896744186194,0.0255173277109861,0.0012457275147401,0.0275018420070409
24,7.936142836436555e-05,0.0010312554883958,0.0247702188789844,0.0011812207139505,0.0266754943877458
25,7.856781408072188e-05,0.0010730042149278,0.025375809520483,0.001232398331026,0.0273647550493478
26,7.778213593991467e-05,0.0010691302355696,0.0253684129565954,0.0012279301178826,0.0273407474160194
27,7.700431458051551e-05,0.00108923595982,0.0255963057279586,0.0012525510422725,0.0276321023702621
28,7.623427143471036e-05,0.0010675150084963,0.0251088216900825,0.0012231732560881,0.0271013155579566
29,7.547192872036326e-05,0.0011162057588786,0.0258767716586589,0.0012774202219306,0.027890907600522
30,7.471720943315961e-05,0.0010527065044494,0.0249347854405641,0.0012102246750041,0.0269376691430807
31,7.397003733882802e-05,0.0010930168095623,0.0255809165537357,0.001249860127578,0.0275627821683883
32,7.323033696543974e-05,0.0011097998867497,0.0256992951035499,0.0012716100127808,0.027729632332921
33,7.249803359578534e-05,0.0010739305900777,0.0252535082399845,0.0012242783814867,0.0271709579974412
34,7.177305325982749e-05,0.0010465917008359,0.0249601397663354,0.0012110405162936,0.0270090531557798
35,7.105532272722921e-05,0.0010502949536256,0.0250143706798553,0.0012093231154891,0.026994589716196
36,7.034476949995692e-05,0.0010222837004461,0.0245703794062137,0.0011864910406942,0.0265689603984355
37,6.964132180495735e-05,0.0010774412356081,0.0253107789903879,0.0012489903374576,0.0273500755429267
38,6.894490858690777e-05,0.0010347766484081,0.0248329527676105,0.0011951916097413,0.0267972964793443
39,6.82554595010387e-05,0.0010482260587629,0.0249689742922782,0.0012055675033369,0.0269043836742639
40,6.75729049060283e-05,0.0011157182469311,0.0258743427693843,0.001275817031837,0.0277990140020847
41,6.689717585696803e-05,0.0011240712233795,0.0259299371391534,0.0012588578784412,0.0276117008179426
42,6.622820409839836e-05,0.0010505565790148,0.0249816942960023,0.0012113064286691,0.026914793998003
43,6.556592205741436e-05,0.0011215673987556,0.0259933117777109,0.0012736319253739,0.0278447661548852
44,6.491026283684022e-05,0.0011140226591313,0.0258514564484357,0.0012732684467174,0.0277829002588987
45,6.426116020847181e-05,0.0011047934071899,0.0256860107183456,0.0012700685689511,0.0276494659483432
46,6.36185486063871e-05,0.0011383628410438,0.0261782202869653,0.0012932958273206,0.0280158724635839
47,6.298236312032323e-05,0.0009993451780305,0.0242437589913606,0.0011733761295756,0.0262942593544721
48,6.235253948912e-05,0.0010608093817416,0.0251192934811115,0.0012141461165793,0.0269870720803737
49,6.17290140942288e-05,0.0010057166186767,0.0244014300405979,0.0011787058139396,0.0264628957957029
50,6.11117239532865e-05,0.0010014826819161,0.0243402458727359,0.0011648617332354,0.0263248290866613
51,6.050060671375364e-05,0.0010297983069498,0.0246893055737018,0.0012043209256773,0.0267818346619606
52,5.98956006466161e-05,0.0010365634009845,0.0248269811272621,0.0012168366043263,0.0269493907690048
53,5.9296644640149945e-05,0.0009660228772092,0.0237659625709056,0.0011439270030984,0.02585612796247
54,5.8703678193748444e-05,0.0009863508590407,0.0241079069674015,0.0011604539985485,0.0261618103832006
55,5.811664141181096e-05,0.0009873010376567,0.0241058524698019,0.0011652253397775,0.0261665228754282
56,5.753547499769285e-05,0.0009313893748183,0.0232691075652837,0.0011057792383033,0.0253293495625257
57,5.696012024771592e-05,0.0009245172533401,0.023161781951785,0.0010903422635779,0.0251240096986293
58,5.6390519045238756e-05,0.0009346767231751,0.0231778062880039,0.001104108179397,0.0251510143280029
59,5.582661385478637e-05,0.0009123178627803,0.0229372289031744,0.0010819711845269,0.0249078758060932
60,5.526834771623851e-05,0.0009214571952144,0.0231132227927446,0.0010869223204413,0.0250547230243682
61,5.4715664239076124e-05,0.0009101560144663,0.022930646315217,0.0010761323607136,0.0248696878552436
62,5.416850759668536e-05,0.000897931404404,0.0227593686431646,0.0010620200230265,0.0246997829526662
63,5.36268225207185e-05,0.0009082440083029,0.0228928010910749,0.0010724521646174,0.0248190965503454
64,5.309055429551132e-05,0.0008949076174755,0.0227029491215944,0.001057572485393,0.0246233809739351
65,5.25596487525562e-05,0.0008625818161013,0.0222121309489011,0.001022624322404,0.0241175033152103
66,5.203405226503064e-05,0.0008713555994492,0.0223440136760473,0.0010329422318444,0.0242829862982034
67,5.151371174238033e-05,0.0008507493973278,0.0220563765615224,0.0010107198772275,0.0240101087838411
68,5.0998574624956527e-05,0.0008668544985992,0.0223090928047895,0.0010290631099371,0.0242642667144536
69,5.048858887870697e-05,0.0008763739903303,0.0224419925361871,0.0010383806331974,0.0243872907012701
70,4.99837029899199e-05,0.0008713275820322,0.0223262459039688,0.0010323064953653,0.0242192335426807
71,4.94838659600207e-05,0.0008386186112897,0.0218423623591661,0.0009930287380955,0.0236951168626546
72,4.8989027300420484e-05,0.0008519821942409,0.0220519583672285,0.0010100360136444,0.0239435881376266
73,4.849913702741629e-05,0.0008500351074617,0.0219814889132976,0.0010069121930611,0.0238443501293659
74,4.801414565714212e-05,0.0008378514384687,0.0218185558915138,0.0009909517152362,0.0236787572503089
75,4.75340042005707e-05,0.0008407966310753,0.0218535996973514,0.0009971841823292,0.023715915158391
76,4.705866415856499e-05,0.0008340948812933,0.0217775776982307,0.0009915646470674,0.0236761886626482
77,4.658807751697934e-05,0.0008365950803046,0.0217959675937891,0.000991348274187,0.0236563775688409
78,4.612219674180955e-05,0.0008285326896438,0.0216712709516286,0.0009827183796536,0.0235158186405897
79,4.5660974774391453e-05,0.0008277055247878,0.0215929616242647,0.0009765945910629,0.0233730431646108
80,4.5204365026647536e-05,0.0008332839491629,0.0217103324830532,0.0009824986288474,0.0235339719802141
81,4.475232137638106e-05,0.0008177870942468,0.0214126165956258,0.0009606008461961,0.0231467690318822
82,4.430479816261725e-05,0.0008193835900489,0.0214795209467411,0.0009701479764085,0.0232775956392288
83,4.386175018099108e-05,0.0008169920892709,0.0214321184903383,0.0009640572724152,0.0232160612940788
84,4.342313267918117e-05,0.0007953880434694,0.0211006719619035,0.0009405146059266,0.0228358320891857
85,4.2988901352389356e-05,0.0008024527220197,0.0212209541350603,0.0009500290514388,0.0229976810514926
86,4.255901233886546e-05,0.000800452994244,0.0211675949394702,0.0009501892505601,0.0229704268276691
87,4.2133422215476805e-05,0.0008178678327611,0.0213492456823587,0.0009610268035651,0.0230784993618726
88,4.171208799332204e-05,0.0007935390243329,0.0210697166621685,0.0009428395291832,0.0228541456162929
89,4.129496711338882e-05,0.0007944375638504,0.0210738573223352,0.0009432594601097,0.0228655785322189
90,4.088201744225493e-05,0.0007951914322563,0.0210703797638416,0.0009444561836018,0.0228650104254484
91,4.047319726783238e-05,0.0007940604787023,0.0209863483905792,0.0009357213672696,0.0227239411324262
92,4.0068465295154053e-05,0.0007827256078961,0.0207939464598894,0.0009265082252103,0.0225624293088912
93,3.966778064220251e-05,0.0007700844085268,0.0206217002123594,0.0009132633294332,0.0223784856498241
94,3.927110283578049e-05,0.0007661683230292,0.0205894745886325,0.0009117022130925,0.0223546866327524
95,3.8878391807422684e-05,0.0007717427316925,0.0205961037427186,0.0009143556123441,0.0223597791045904
96,3.8489607889348454e-05,0.0007745481632382,0.0207096021622419,0.0009229167295183,0.022527702152729
97,3.8104711810454966e-05,0.000768514177073,0.0205990727990865,0.0009133001983806,0.0223591662943363
98,3.772366469235042e-05,0.0007631980539619,0.0205016266554594,0.000906096695303,0.0222848113626241
99,3.734642804542692e-05,0.000760221161422,0.0204479917883873,0.0009068678435079,0.0222427938133478
100,3.6972963764972645e-05,0.0007548135814247,0.0203839298337698,0.0008973052031998,0.0221645198762416
101,3.660323412732292e-05,0.0007474797659897,0.0202674083411693,0.0008932352156917,0.0220627877861261
102,3.623720178604969e-05,0.0007560745988532,0.0203733015805482,0.000898635722232,0.0221700482070446
103,3.587482976818919e-05,0.0007487263100411,0.0202214587479829,0.0008872217190228,0.0219673309475183
104,3.55160814705073e-05,0.0007349310496432,0.0199875179678201,0.0008718632126713,0.0217272900044918
105,3.516092065580223e-05,0.0007301154380717,0.0200042556971311,0.0008676509093886,0.0217637475579977
106,3.48093114492442e-05,0.0007308419293691,0.0199650712311267,0.0008684646610417,0.0217213034629821
107,3.446121833475176e-05,0.0007284978788092,0.0199662130326032,0.0008683788411415,0.021733084693551
108,3.411660615140425e-05,0.0007303301172482,0.0199941415339708,0.0008666426964855,0.0217372793704271
109,3.3775440089890204e-05,0.00072676667292,0.0199511982500553,0.0008630999594383,0.0216874275356531
110,3.3437685688991296e-05,0.000725736594968,0.0199254658073186,0.0008595563328914,0.0216430276632308
111,3.310330883210139e-05,0.0007152270784398,0.0198197811841964,0.000852776298033,0.0215870160609483
112,3.277227574378037e-05,0.0007207431162499,0.0198531299829483,0.0008571344716454,0.0215956307947635
113,3.244455298634257e-05,0.0007119568828708,0.0197362098842859,0.0008465253488541,0.0214543435722589
114,3.2120107456479144e-05,0.0007141866053332,0.0197634864598512,0.00084854705742,0.0215006936341524
115,3.179890638191435e-05,0.0007135967883633,0.0197534412145614,0.0008462740495255,0.0214534755796194
116,3.1480917318095206e-05,0.000710804841356,0.0196653101593256,0.0008409569112587,0.0213656947016716
117,3.1166108144914254e-05,0.0007078190977471,0.0196766089648008,0.0008403665842731,0.0213866047561168
118,3.085444706346511e-05,0.0007030743263863,0.0195586476475,0.0008329395266204,0.0212576165795326
119,3.054590259283046e-05,0.0006994660008685,0.0195083599537611,0.0008268557060454,0.0211765989661216
120,3.0240443566902154e-05,0.0006959344809249,0.0194430761039257,0.0008259177670479,0.0211182832717895
121,2.9938039131233132e-05,0.0006980543180802,0.0194941442459821,0.0008278394506664,0.0211779586970806
122,2.96386587399208e-05,0.0006969078792588,0.0194246508181095,0.0008242786289887,0.0210800562053918
123,2.9342272152521593e-05,0.0007015287745307,0.0194165538996458,0.0008254347842171,0.021044835448265
124,2.9048849430996377e-05,0.0006938484354095,0.0193115100264549,0.0008182497643605,0.0209316331893205
125,2.8758360936686414e-05,0.0006850291463631,0.0191801227629184,0.0008101066572558,0.0208049565553665
126,2.8470777327319547e-05,0.0006821219200236,0.0191674977540969,0.0008106069124759,0.0208363831043243
127,2.818606955404635e-05,0.000676147460782,0.0190291237086057,0.0008006465101136,0.0206456966698169
128,2.7904208858505888e-05,0.0006786796858435,0.0190492812544107,0.0008027431869616,0.0206613969057798
129,2.762516676992083e-05,0.0006731076861107,0.0189407896250486,0.0007978990421813,0.0205496288836002
130,2.7348915102221623e-05,0.0006654182095658,0.018835213035345,0.0007899970286696,0.0204345732927322
131,2.7075425951199406e-05,0.0006697947728705,0.0188534632325172,0.0007926582771956,0.0204353258013725
132,2.680467169168741e-05,0.0006641024671949,0.0187941137701272,0.0007894273091502,0.0204039812088012
133,2.6536624974770535e-05,0.0006667977581823,0.0187880601733922,0.0007896885831192,0.0203542131930589
134,2.627125872502283e-05,0.0006671511145542,0.0187700893729925,0.0007895279947217,0.0203505847603082
135,2.6008546137772605e-05,0.0006592483654169,0.0186675414443016,0.0007846013454654,0.0202610809355974
136,2.5748460676394877e-05,0.0006607620357624,0.0186693202704191,0.0007821952421238,0.0202263202518224
137,2.5490976069630928e-05,0.0006578274025618,0.0185448806732893,0.0007790814316212,0.0200921948999166
138,2.523606630893462e-05,0.0006515017523339,0.0185211822390556,0.000776789387735,0.0200980827212333
139,2.498370564584527e-05,0.0006504662496087,0.0184451676905155,0.0007727833457122,0.0199832785874605
140,2.473386858938682e-05,0.0006529447917816,0.0184973608702421,0.0007771563773975,0.0200378056615591
141,2.448652990349295e-05,0.0006468458044977,0.018410699442029,0.0007691551517441,0.0199563801288604
142,2.424166460445802e-05,0.000649410354715,0.0184164475649595,0.0007721985956414,0.0199505425989627
143,2.399924795841344e-05,0.0006517192067619,0.0184054616838693,0.0007723086785057,0.0199155192822217
144,2.3759255478829302e-05,0.000640301195649,0.0182837434113025,0.0007628934617735,0.0198165066540241
145,2.3521662924041014e-05,0.0006352986640305,0.0182123463600873,0.0007595260377175,0.0197683498263359
146,2.3286446294800602e-05,0.0006492398522818,0.0183612406253814,0.0007704797864241,0.0198667366057634
147,2.3053581831852596e-05,0.000646928106827,0.0182873588055372,0.0007654755108377,0.0197505410760641
148,2.282304601353407e-05,0.0006411663134802,0.0181831587105989,0.0007595404844799,0.0196546074002981
149,2.2594815553398727e-05,0.0006424878770199,0.0181913543492555,0.0007603575050455,0.0196525156497955
150,2.236886739786474e-05,0.0006388888449226,0.018167482689023,0.0007594248679703,0.0196750704199075
151,2.2145178723886092e-05,0.0006413907125051,0.0181768089532852,0.000761384036106,0.0196408201009035
152,2.1923726936647233e-05,0.0006284459051965,0.0180054362863302,0.0007518504135683,0.0195032861083745
153,2.1704489667280757e-05,0.0006337680358894,0.0180543307214975,0.0007532702027602,0.0194860771298408
154,2.148744477060795e-05,0.0006321555625971,0.0180118195712566,0.0007536551746696,0.0194789730012416
155,2.1272570322901873e-05,0.0006359904466773,0.0180496908724308,0.0007552102479128,0.0195170510560274
156,2.1059844619672853e-05,0.0006278392866299,0.0179282780736684,0.0007477888345822,0.0193818807601928
157,2.0849246173476125e-05,0.0006221044360814,0.0178794860839843,0.0007437506701468,0.0193520467728376
158,2.064075371174136e-05,0.0006262573035344,0.0179246366024017,0.0007484180037512,0.0194145608693361
159,2.043434617462395e-05,0.0006312325277367,0.0179405808448791,0.000751190299527,0.0193971116095781
160,2.023000271287771e-05,0.0006301592688226,0.0179060697555542,0.0007479183988592,0.0192965734750032
161,2.002770268574893e-05,0.0006198914062244,0.0177955701947212,0.0007410375659677,0.019252398982644
162,1.9827425658891444e-05,0.000632061305365,0.0179243739694356,0.0007501880497789,0.019341692328453
163,1.9629151402302528e-05,0.0006258969536179,0.017842847853899,0.0007460838356156,0.0192754827439785
164,1.9432859888279504e-05,0.000619002728858,0.0177351962774992,0.0007410622986769,0.0191759746521711
165,1.9238531289396708e-05,0.0006180789255155,0.0177594516426324,0.0007411197385645,0.0192244090139865
166,1.904614597650274e-05,0.0006201900038952,0.017766885459423,0.0007413897829084,0.019208900630474
167,1.885568451673771e-05,0.0006067564852009,0.0175935272127389,0.0007313058976314,0.0190642792731523
168,1.8667127671570337e-05,0.0006144999560038,0.0177127830684185,0.0007397554144717,0.0191848799586296
169,1.848045639485463e-05,0.0006127308440515,0.0176517888903617,0.0007371718667519,0.0191224664449691
170,1.8295651830906085e-05,0.0006050292741559,0.0175273902714252,0.0007288239905998,0.0190069992095232
171,1.8112695312597025e-05,0.000607422583078,0.0175558533519506,0.0007311272464326,0.0190110560506582
172,1.7931568359471054e-05,0.0006090797807059,0.0175988301634788,0.0007334616684727,0.0190694630146026
173,1.7752252675876345e-05,0.000611140647883,0.0175830889493227,0.0007341873604227,0.0190311223268508
174,1.757473014911758e-05,0.0006113285227289,0.0175952278077602,0.0007361517943807,0.0190414264798164
175,1.7398982847626404e-05,0.0006081843199889,0.0175488945096731,0.0007335704532362,0.0190013982355594
176,1.722499301915014e-05,0.0006008498010967,0.0174613650888204,0.0007272019155163,0.018941830843687
177,1.7052743088958637e-05,0.0006057501356085,0.0175093337893486,0.0007331101019111,0.0189822763204574
178,1.688221565806905e-05,0.0006168229501211,0.0176183599978685,0.0007403882168199,0.0190583486109972
179,1.6713393501488363e-05,0.0006052788017075,0.0174889098852872,0.0007314925062351,0.0189177952706813
180,1.6546259566473476e-05,0.0006050553957961,0.0174677092581987,0.0007297767265579,0.0189012121409177
181,1.6380796970808743e-05,0.0006045241022767,0.0174783933907747,0.0007302499220274,0.0189078710973262
182,1.6216989001100656e-05,0.0005962965278058,0.0173609741032123,0.0007257175187516,0.018844436854124
183,1.6054819111089648e-05,0.0005953787881495,0.0173423923552036,0.0007251121315101,0.0188388470560312
184,1.5894270919978753e-05,0.0006007611000519,0.0174058061093091,0.0007286741478028,0.0188595168292522
185,1.5735328210778963e-05,0.0005998124427805,0.0174061637371778,0.0007285945852724,0.0188704393804073
186,1.5577974928671173e-05,0.0005922350750939,0.0172870755195617,0.0007228003462531,0.0187846291810274
187,1.542219517938446e-05,0.0005894494686246,0.0172672644257545,0.0007211213390638,0.018772404640913
188,1.5267973227590617e-05,0.0005928952835641,0.0172842852771282,0.0007219786569758,0.0187485534697771
189,1.5115293495314711e-05,0.0005995373654821,0.0173647087067365,0.000729183991322,0.0188448503613472
190,1.4964140560361564e-05,0.0005894526439792,0.0172749944031238,0.0007216504374447,0.0187806710600852
191,1.4814499154757947e-05,0.0005878778104077,0.0172454360872507,0.0007199939550045,0.0187420397996902
192,1.4666354163210369e-05,0.0005860398510675,0.0171835292130708,0.0007168597483554,0.0186592396348714
193,1.4519690621578264e-05,0.0005918876133436,0.0172496233135461,0.0007237155482037,0.01873161457479
194,1.437449371536248e-05,0.0005800963670379,0.0170914959162473,0.0007126280092961,0.0186037812381982
195,1.4230748778208858e-05,0.0005886744896751,0.0171957574784755,0.0007214085220894,0.0187035147100687
196,1.4088441290426768e-05,0.0005878808085678,0.0171891506761312,0.0007218087373166,0.0187033060938119
197,1.39475568775225e-05,0.0005811621563814,0.0171248633414506,0.0007157894359478,0.0186305791139602
198,1.3808081308747276e-05,0.0005872347257372,0.0171766243875026,0.0007201700636374,0.0186638180166482
199,1.36700004956598e-05,0.0005864383884894,0.0171820037066936,0.0007194362931976,0.0186562351882457
200,1.3533300490703205e-05,0.0005818480710622,0.0171235986053943,0.0007165457754398,0.0186237134039402
201,1.3397967485796173e-05,0.0005810014539373,0.0171053782105445,0.0007154728550113,0.0186049323529005
202,1.326398781093821e-05,0.0005835409564827,0.0171463601291179,0.000718034860345,0.0186393968760967
203,1.3131347932828827e-05,0.0005741502562438,0.0170248243957757,0.0007096768421909,0.0185453835874795
204,1.300003445350054e-05,0.0005809449247142,0.0170750208199024,0.000715653711789,0.0185777060687541
205,1.2870034108965534e-05,0.0005755785160272,0.0170058403164148,0.0007110078085322,0.0185086634010076
206,1.274133376787588e-05,0.0005715608335389,0.0169727075845003,0.0007085948850366,0.0185082964599132
207,1.2613920430197118e-05,0.0005768222684517,0.017023529857397,0.0007114539021018,0.018514584749937
208,1.2487781225895148e-05,0.000576245709501,0.017013968899846,0.0007128823653647,0.0185330156236886
209,1.2362903413636197e-05,0.0005701100424046,0.0169102568179368,0.0007083371856068,0.0184548553079366
210,1.2239274379499834e-05,0.0005699747832198,0.0169488433748483,0.0007067814879324,0.0184649620205163
211,1.2116881635704836e-05,0.0005690701340832,0.0168961156159639,0.0007059048832614,0.0184231083840131
212,1.1995712819347788e-05,0.0005690564258708,0.0169164836406707,0.0007065250414119,0.0184471774846315
213,1.187575569115431e-05,0.000573470188887,0.0169623717665672,0.0007113107040149,0.0184976160526275
214,1.1756998134242766e-05,0.0005691696432439,0.0169233195483684,0.0007063708044321,0.0184322409331798
215,1.1639428152900339e-05,0.0005654119412664,0.0168556403368711,0.0007042935645536,0.0184015277773141
216,1.1523033871371334e-05,0.0005662458265324,0.0168633107095956,0.0007041466992497,0.0183925665915012
217,1.140780353265762e-05,0.0005671541145939,0.0168678648769855,0.0007050229255035,0.0183931030333042
218,1.1293725497331045e-05,0.0005642103786905,0.0168224237859249,0.00070292025463,0.0183718968182802
219,1.1180788242357734e-05,0.0005607513994525,0.0167723856866359,0.0007020739460425,0.0183417294174432
220,1.1068980359934158e-05,0.0005581007845802,0.0167504660785198,0.0006984619098669,0.0183245427906513
221,1.0958290556334817e-05,0.0005527626996809,0.0166505705565214,0.0006934974992382,0.0182320438325405
222,1.0848707650771467e-05,0.0005613798654083,0.0167790818959474,0.0006998442225108,0.0183219742029905
223,1.0740220574263753e-05,0.0005512867341877,0.0166464634239673,0.000691521130187,0.0182185005396604
224,1.0632818368521115e-05,0.0005545152910075,0.0166787430644035,0.0006956232828959,0.0182618163526058
225,1.0526490184835904e-05,0.0005583282859961,0.0167529489845037,0.0006989629402592,0.0183160472661256
226,1.0421225282987544e-05,0.0005533239958672,0.0166721120476722,0.0006929124270139,0.0182361304759979
227,1.0317013030157668e-05,0.0005575954042036,0.0167263019829988,0.0006970702379819,0.0182803943753242
228,1.0213842899856092e-05,0.0005579355458586,0.016731172800064,0.0006970378680736,0.0182636268436908
229,1.0111704470857532e-05,0.0005517559806459,0.0166489407420158,0.0006925829562418,0.0182175617665052
230,1.0010587426148955e-05,0.0005533058654761,0.016672683879733,0.0006953284985482,0.0182563383132219
231,9.910481551887467e-06,0.0005482019165724,0.016579994931817,0.000691149956745,0.0181953720748424
232,9.81137673636859e-06,0.0005491554291115,0.0165833495557308,0.0006902253505547,0.0181573089212179
233,9.713262969004906e-06,0.0005457340084885,0.0165526457130908,0.0006879660292611,0.0181414913386106
234,9.616130339314856e-06,0.000548405900924,0.0166106764227151,0.0006906175742001,0.0181748569011688
235,9.519969035921707e-06,0.0005485881090169,0.0165798850357532,0.0006906773541976,0.0181643683463335
236,9.424769345562492e-06,0.0005482694698543,0.016585037112236,0.0006908904849978,0.0181684866547584
237,9.330521652106867e-06,0.0005449254350227,0.0165358763188123,0.0006878485343115,0.0181407462805509
238,9.237216435585796e-06,0.0005414838547632,0.016488492488861,0.0006846098147524,0.0180999971926212
239,9.144844271229938e-06,0.0005482979406251,0.0166114177554845,0.0006917372007112,0.0181942246854305
240,9.05339582851764e-06,0.0005411125379323,0.0164873078465461,0.0006841472637267,0.0180711541324853
241,8.962861870232463e-06,0.000539847443673,0.0164919700473546,0.000684243381047,0.0180882811546325
242,8.873233251530139e-06,0.0005426529859347,0.0165260098874568,0.0006868742831691,0.0181219205260276
243,8.784500919014836e-06,0.0005398000768348,0.0164640806615352,0.0006838784198539,0.0180675033479928
244,8.696655909824688e-06,0.0005415620372198,0.0165116488933563,0.00068538802593,0.018106197938323
245,8.609689350726441e-06,0.0005387335155329,0.0164679568260908,0.000683436035835,0.0180847160518169
246,8.523592457219177e-06,0.0005417218289542,0.0165031999349594,0.000686407567153,0.0181026402860879
247,8.438356532646986e-06,0.0005374837093901,0.0164264887571334,0.0006812359029323,0.0180448424071073
248,8.353972967320516e-06,0.0005364097318914,0.0164282694458961,0.0006813893119834,0.0180358178913593
249,8.27043323764731e-06,0.0005323904791627,0.0163481067866086,0.0006787878634053,0.0179979093372821
250,8.187728905270836e-06,0.0005356857135517,0.0164169371128082,0.0006801461309169,0.0180283766239881
251,8.105851616218128e-06,0.0005318652049372,0.0163405276834964,0.0006768984471845,0.0179679524153471
252,8.024793100055947e-06,0.0005362646748095,0.0164240356534719,0.0006805286779074,0.0180280227214097
253,7.944545169055387e-06,0.0005347707208669,0.0164108108729124,0.0006814331945641,0.0180487893521785
254,7.865099717364833e-06,0.0005280341740503,0.0162983443588018,0.0006743892356546,0.0179395899176597
255,7.786448720191185e-06,0.0005302931465038,0.0163247343152761,0.0006761505022003,0.0179634764790534
256,7.708584232989272e-06,0.0005283527448668,0.0162955429404974,0.0006740521364333,0.0179293751716613
257,7.63149839065938e-06,0.0005317683696091,0.0163418781012296,0.0006767677728807,0.017965480685234
258,7.555183406752786e-06,0.0005279457763199,0.016301117837429,0.0006751000953896,0.0179494339972734
259,7.479631572685258e-06,0.0005301752348362,0.0163201708346605,0.0006774704432729,0.0179726127535104
260,7.4048352569584066e-06,0.0005296063168971,0.0163350161164999,0.0006761715433817,0.0179617069661617
261,7.330786904388821e-06,0.0005276684817304,0.0163031686097383,0.0006736765151742,0.0179159343242645
262,7.257479035344933e-06,0.000526306299182,0.0162755269557237,0.0006731887123149,0.0179107952862977
263,7.1849042449914836e-06,0.0005259817228387,0.0162733942270278,0.0006738254817705,0.0179302636533975
264,7.113055202541569e-06,0.0005223268410822,0.0162107478827238,0.0006703235522359,0.0178766213357448
265,7.041924650516153e-06,0.0005233140608808,0.0162123963236808,0.0006702264480266,0.0178661048412323
266,6.971505404010992e-06,0.000528898967696,0.0163289457559585,0.0006764314782907,0.0179682616144418
267,6.901790349970881e-06,0.0005259028100045,0.0162874199450016,0.0006717170719333,0.0179132632911205
268,6.8327724464711725e-06,0.0005231930196769,0.0162265077233314,0.0006703401252246,0.0178793873637914
269,6.7644447220064605e-06,0.0005217926453056,0.0162068735808134,0.0006704241914202,0.0178723819553852
270,6.696800274786396e-06,0.0005247741125559,0.0162572115659713,0.0006729883867197,0.0179118067026138
271,6.629832272038531e-06,0.0005221841239403,0.0162195041775703,0.0006704867329642,0.0178834218531847
272,6.563533949318147e-06,0.0005208761371102,0.0162034947425127,0.0006682495783094,0.0178571362048387
273,6.497898609824965e-06,0.0005213192169288,0.0161897670477628,0.0006693971442976,0.0178590547293424
274,6.432919623726716e-06,0.0005204076692158,0.0161836892366409,0.0006678464964222,0.0178422946482896
275,6.368590427489449e-06,0.0005167560808403,0.0161294713616371,0.000664832600039,0.0178039744496345
276,6.304904523214554e-06,0.0005193518147047,0.0161640886217355,0.0006664817418741,0.0178122650831937
277,6.241855477982409e-06,0.0005205474823457,0.0162112992256879,0.0006688638440061,0.0178653318434953
278,6.179436923202584e-06,0.0005174791640148,0.0161342304199934,0.0006658033937332,0.0178155452013015
279,6.1176425539705585e-06,0.0005146527598269,0.0161046702414751,0.0006617098582861,0.0177678652107715
280,6.056466128430853e-06,0.0005179037615837,0.0161547530442476,0.0006669392211753,0.0178367998450994
281,5.995901467146544e-06,0.0005143078310817,0.0161071047186851,0.000662473984828,0.0177880153059959
282,5.935942452475079e-06,0.0005115476685225,0.0160486195236444,0.0006610169408816,0.0177579633891582
283,5.876583027950328e-06,0.0005150661959618,0.0161147285252809,0.0006645578418418,0.0177985355257987
284,5.817817197670825e-06,0.0005143915698213,0.0161013919860124,0.0006636672741762,0.0177883505821228
285,5.759639025694117e-06,0.0005120957253482,0.016069408506155,0.0006609698385164,0.0177532769739627
286,5.702042635437175e-06,0.0005139188240607,0.0161006078124046,0.0006634307664048,0.0177877768874168
287,5.645022209082803e-06,0.0005108936248368,0.0160530526190996,0.0006597723451638,0.0177399348467588
288,5.588571986991975e-06,0.0005103267221658,0.0160241425037384,0.0006601039763983,0.0177395697683095
289,5.532686267122055e-06,0.0005103400385875,0.0160282459110021,0.0006586672729151,0.017713975161314
290,5.477359404450835e-06,0.0005086283477974,0.0160023160278797,0.0006583654386084,0.017703702673316
291,5.422585810406326e-06,0.0005056522414311,0.0159749444574117,0.0006557927307056,0.0176835246384143
292,5.3683599523022626e-06,0.0005052387991748,0.0159509219229221,0.0006541431604177,0.0176559835672378
293,5.3146763527792406e-06,0.0005071720076213,0.0159850548952817,0.0006562978170358,0.017685255035758
294,5.261529589251448e-06,0.0005063226273788,0.0159704480320215,0.0006554855716909,0.0176730714738369
295,5.208914293358933e-06,0.0005045714859322,0.0159417483955621,0.0006548856195583,0.0176597721874713
296,5.156825150425345e-06,0.0005027048175911,0.0159246362745761,0.0006527983475782,0.0176378786563873
297,5.10525689892109e-06,0.0005009524835478,0.0158878918737173,0.0006488190959199,0.0175864864140748
298,5.05420432993188e-06,0.0005039346878218,0.0159323010593652,0.0006529938740269,0.0176381133496761
299,5.003662286632561e-06,0.0005026972447002,0.0159215740859508,0.0006528884284546,0.0176510550081729
300,4.953625663766235e-06,0.0005002531790912,0.0158766098320484,0.0006496927287667,0.0176026970148086
301,4.904089407128572e-06,0.000502249187964,0.0159044712781906,0.0006512035364037,0.017611987888813
302,4.855048513057287e-06,0.0005016532943631,0.0158926751464605,0.0006508337867348,0.0176099054515361
303,4.806498027926714e-06,0.0005003583504805,0.0158727914094924,0.0006503526339245,0.0176053885370492
304,4.758433047647447e-06,0.0004976183631398,0.0158201921731233,0.0006475436018274,0.0175585355609655
305,4.710848717170972e-06,0.0004971905876672,0.0158216077834367,0.000646238504364,0.0175478048622608
306,4.663740229999263e-06,0.0004989401138834,0.0158576499670743,0.0006478536645698,0.0175770055502653
307,4.61710282769927e-06,0.0004975847167446,0.015821048989892,0.0006469518868668,0.0175563730299472
308,4.570931799422277e-06,0.0004974430998874,0.0158254988491535,0.0006476518975159,0.0175589565187692
309,4.525222481428054e-06,0.0004957275499532,0.01580461114645,0.0006448186488215,0.0175239909440279
310,4.479970256613774e-06,0.0004981678754816,0.0158405732363462,0.0006464610957525,0.0175479128956794
311,4.4351705540476355e-06,0.0004947839337345,0.0157896690070629,0.0006455502328502,0.0175443571060895
312,4.3908188485071594e-06,0.0004957529272216,0.0157958604395389,0.0006459595821573,0.0175382494926452
313,4.346910660022087e-06,0.0004946932730137,0.0157960951328277,0.0006455256661501,0.0175463240593671
314,4.303441553421867e-06,0.0004953678208573,0.0157985612750053,0.0006441352249168,0.0175153426826
315,4.260407137887648e-06,0.0004939735401463,0.0157793313264846,0.0006442131057942,0.0175254736095666
316,4.217803066508772e-06,0.0004920801065523,0.0157437231391668,0.0006412708368367,0.0174752678722143
317,4.1756250358436835e-06,0.0004962467141287,0.0158192925155162,0.0006451310893103,0.0175353903323411
318,4.133868785485247e-06,0.0004934571358328,0.0157752875238657,0.0006426925534523,0.0175097100436687
319,4.0925300976303945e-06,0.0004923414476697,0.0157450642436742,0.0006416522457891,0.0174856781959533
320,4.05160479665409e-06,0.0004905512853794,0.015719935297966,0.0006396879754376,0.0174556616693735
321,4.01108874868755e-06,0.0004923491149639,0.0157519187778234,0.0006414746979862,0.0174879152327775
322,3.970977861200674e-06,0.0004917718622363,0.0157422497868537,0.0006406000720672,0.0174721144139766
323,3.9312680825886676e-06,0.0004924236230037,0.0157554391771554,0.0006417794006036,0.0174884721636772
324,3.891955401762781e-06,0.0004905126047994,0.0157335177063941,0.0006396621653527,0.0174697339534759
325,3.853035847745152e-06,0.0004904331373526,0.0157266426831483,0.0006402562783326,0.0174754802137613
326,3.8145054892677013e-06,0.0004889933355666,0.0156985409557819,0.000638592427068,0.0174428578466177
327,3.7763604343750245e-06,0.0004863775689109,0.0156652648001909,0.0006350623918488,0.0174010302871465
328,3.738596830031274e-06,0.0004867865780845,0.0156581401824951,0.000635651319461,0.0173975769430398
329,3.7012108617309608e-06,0.0004873269439152,0.0156736113131046,0.000636050510156,0.0174179896712303
330,3.664198753113651e-06,0.0004875843282616,0.0156858880072832,0.0006356828081019,0.0174150746315717
331,3.6275567655825147e-06,0.000487208169509,0.0156751219183206,0.0006346503261973,0.017393322661519
332,3.59128119792669e-06,0.0004880209550959,0.0156902931630611,0.0006361998123909,0.0174173358827829
333,3.5553683859474227e-06,0.0004879260608403,0.0156913846731185,0.0006360953436324,0.0174220204353332
334,3.5198147020879486e-06,0.0004868221729302,0.0156699270009994,0.0006345983860695,0.0173939391970634
335,3.484616555067069e-06,0.0004852711470679,0.0156485792249441,0.0006331462210942,0.0173735134303569
336,3.4497703895163983e-06,0.0004838617498101,0.0156287960708141,0.0006313835761953,0.0173513013869524
337,3.415272685621234e-06,0.000485058596301,0.0156492013484239,0.0006324916121223,0.017368022352457
338,3.3811199587650223e-06,0.0004867049596949,0.0156796406954526,0.0006342701118168,0.0173896234482526
339,3.3473087591773715e-06,0.0004873293698076,0.0156909506767988,0.000635204720673,0.0174073576927185
340,3.313835671585598e-06,0.0004826263688512,0.0156079791486263,0.0006313851129612,0.0173464622348546
341,3.280697314869742e-06,0.000484375277552,0.0156393442302942,0.0006323373104456,0.0173595957458019
342,3.2478903417210443e-06,0.0004844260536084,0.01564222574234,0.00063251447105,0.0173678006976842
343,3.2154114383038345e-06,0.0004832426716574,0.0156236412003636,0.0006315139050995,0.0173524152487516
344,3.1832573239207955e-06,0.000484644823659,0.0156469494104385,0.0006331752505158,0.0173747036606073
345,3.1514247506815877e-06,0.0004798920289786,0.0155763598158955,0.0006283925218007,0.0173129867762327
346,3.1199105031747718e-06,0.000481000894102,0.0155929764732718,0.0006291748587064,0.017320042476058
347,3.0887113981430243e-06,0.0004810857451021,0.015590283088386,0.0006290261876002,0.0173148084431886
348,3.0578242841615937e-06,0.0004813314423955,0.0155999353155493,0.0006298223777432,0.0173242855817079
349,3.0272460413199778e-06,0.0004808763084257,0.0155869545415043,0.0006299024031626,0.0173224154859781
350,2.996973580906778e-06,0.0004806284127935,0.0155887408182024,0.0006293422927435,0.0173181053251028
351,2.96700384509771e-06,0.0004791471815068,0.0155704515054821,0.0006272208312488,0.0172925926744937
352,2.937333806646733e-06,0.0004791027430334,0.015572833828628,0.0006278118198947,0.0173050817102193
353,2.907960468580266e-06,0.0004780021766432,0.0155465072020888,0.000627256720011,0.0172851756215095
354,2.878880863894463e-06,0.0004772596157555,0.0155345266684889,0.0006265925822596,0.0172814801335334
355,2.850092055255518e-06,0.0004755732155839,0.0155199691653251,0.0006241613295359,0.0172522254288196
356,2.8215911347029633e-06,0.0004773254861327,0.0155408382415771,0.0006263948307445,0.0172765497118234
357,2.7933752233559336e-06,0.0004780577090374,0.0155520476400852,0.0006269328116966,0.0172834228724241
358,2.7654414711223742e-06,0.0004749555456459,0.015500983223319,0.0006243570415193,0.0172500219196081
359,2.7377870564111506e-06,0.0004764977241888,0.0155306123197078,0.0006255057482297,0.0172663312405347
360,2.7104091858470385e-06,0.0004756633941616,0.0155194578692317,0.0006235713818122,0.017240198329091
361,2.6833050939885687e-06,0.0004782666289213,0.0155639052391052,0.0006271526115014,0.0172839295119047
362,2.6564720430486826e-06,0.0004743616598444,0.0154963117092847,0.0006234498318777,0.0172373186796903
363,2.629907322618196e-06,0.0004751639180947,0.0155151700600981,0.0006239092390286,0.0172455105930566
364,2.6036082493920137e-06,0.0004735533586441,0.0154873905703425,0.0006230878387157,0.0172330345958471
365,2.5775721668980935e-06,0.0004727162147336,0.0154783809557557,0.0006219810420847,0.017220851033926
366,2.5517964452291127e-06,0.0004732389552871,0.0154909901320934,0.0006230184624657,0.0172334536910057
367,2.5262784807768213e-06,0.0004740390339679,0.0155025571584701,0.0006230059584417,0.0172366313636302
368,2.5010156959690533e-06,0.0004717160863289,0.0154642267152667,0.0006211943274659,0.0172112546861171
369,2.4760055390093626e-06,0.0004723329336014,0.0154797425493597,0.0006221926427361,0.0172257926315069
370,2.451245483619269e-06,0.0004724690117223,0.01548439450562,0.0006211575321233,0.0172139666974544
371,2.4267330287830764e-06,0.0004721529426545,0.0154750971123576,0.0006218658978536,0.0172165185213089
372,2.4024656984952455e-06,0.0004730065560021,0.0154957715421915,0.0006224614018279,0.0172302108258008
373,2.378441041510293e-06,0.0004704972262409,0.0154508240520954,0.0006200678797162,0.0171984247863292
374,2.3546566310951904e-06,0.0004716032402709,0.0154677666723728,0.000621737416145,0.0172172505408525
375,2.3311100647842383e-06,0.0004704618852688,0.0154495006427168,0.0006204163559378,0.0171988774091005
376,2.307798964136396e-06,0.0004706805696524,0.0154679231345653,0.0006197260041541,0.0171981360763311
377,2.284720974495032e-06,0.0004703704497212,0.0154634248465299,0.0006195223624246,0.0171963702887296
378,2.2618737647500816e-06,0.0004697663758291,0.0154544785618782,0.0006190779199734,0.0171884559094905
379,2.2392550271025807e-06,0.0004679611329592,0.0154217323288321,0.0006173716384329,0.0171633884310722
380,2.216862476831555e-06,0.0004686078739721,0.0154387736693024,0.0006174544112067,0.0171718280762434
381,2.1946938520632396e-06,0.0004687253760084,0.0154376104474067,0.000618128752488,0.017176317051053
382,2.172746913542607e-06,0.0004682397524195,0.0154357273131608,0.0006177729940866,0.0171743817627429
383,2.1510194444071806e-06,0.0004671847405836,0.0154201919212937,0.0006163054154907,0.0171578582376241
384,2.1295092499631087e-06,0.000467518598908,0.0154269710183143,0.0006168509967642,0.0171628836542367
385,2.1082141574634782e-06,0.0004656210464284,0.0153845371678471,0.0006150813389884,0.01713184453547
386,2.087132015888843e-06,0.0004675303201227,0.015425132587552,0.0006170148901658,0.0171624533832073
387,2.0662606957299546e-06,0.0004672638260612,0.0154250962659716,0.0006164688380357,0.0171578973531723
388,2.045598088772655e-06,0.0004669258306586,0.015425743535161,0.000616771224721,0.0171628706157207
389,2.0251421078849286e-06,0.0004659462243879,0.0154013931751251,0.0006156868574626,0.0171427521854639
390,2.0048906868060793e-06,0.0004642245070863,0.0153812821954488,0.0006132671477504,0.0171192325651645
391,1.9848417799380183e-06,0.0004654698890352,0.0153968883678317,0.0006153018617267,0.0171394534409046
392,1.964993362138638e-06,0.0004651775775767,0.015405973419547,0.0006144298713711,0.017138484865427
393,1.945343428517252e-06,0.0004652882286908,0.015398034825921,0.000614978544386,0.017140332609415
394,1.925889994232079e-06,0.0004652609142123,0.0154008092358708,0.0006153209546074,0.017147708684206
395,1.9066310942897583e-06,0.0004674926058188,0.0154457008466124,0.0006179175226832,0.0171844903379678
396,1.887564783346861e-06,0.0004635758082212,0.0153794754296541,0.0006141435095912,0.0171298272907733
397,1.8686891355133925e-06,0.0004657100190467,0.0154153099283576,0.0006164532343208,0.0171613451093435
398,1.8500022441582581e-06,0.0004640042145019,0.0153964459896087,0.0006143278720156,0.0171393863856792
399,1.8315022217166757e-06,0.0004632239242318,0.0153796058148145,0.0006139753409784,0.0171330254524946
400,1.8131871994995088e-06,0.0004629546943436,0.0153773743659257,0.0006137161558404,0.017130758613348
401,1.7950553275045138e-06,0.0004642375538569,0.0154045578092336,0.0006147229433362,0.0171484742313623
402,1.7771047742294687e-06,0.0004624229687484,0.0153773650527,0.0006128767051507,0.0171251520514488
403,1.7593337264871742e-06,0.0004630548637383,0.0153932534158229,0.000614114402277,0.0171462763100862
404,1.7417403892223024e-06,0.0004626213660732,0.0153837176039814,0.0006136583264644,0.0171362180262804
405,1.724322985330079e-06,0.0004630080089395,0.0153978904709219,0.0006138471776049,0.0171456802636384
406,1.7070797554767784e-06,0.0004604469362931,0.0153462914749979,0.0006114453837752,0.0171070247888565
407,1.6900089579220111e-06,0.0004610903411546081,0.015360860154032707,0.0006123990309572686,0.017120275646448135
408,1.673108868342791e-06,0.00046201778529071966,0.015388919971883297,0.0006131678893031985,0.017140449956059456
409,1.656377779659363e-06,0.00046242311208174986,0.01539393700659275,0.0006137234854467146,0.017146263271570206
410,1.6398140018627694e-06,0.000460182988131238,0.015355231240391731,0.0006114414995848838,0.017114179208874702
411,1.6234158618441416e-06,0.00045898475164261236,0.01533563807606697,0.0006102957304783968,0.017098693177103996
412,1.6071817032257002e-06,0.00045932665108409503,0.015339008532464504,0.0006104686035615228,0.017099952325224876
413,1.5911098861934432e-06,0.0004590873288521813,0.015336742624640465,0.000610225517971724,0.017098097130656242
414,1.5751987873315087e-06,0.0004592331979627304,0.015348412096500397,0.0006105279573300326,0.01710950955748558
415,1.5594467994581937e-06,0.0004581020883544813,0.01533630769699812,0.0006091656661160774,0.01709584891796112
416,1.5438523314636118e-06,0.00045707199878608593,0.015313475392758846,0.0006082966483250643,0.017079278826713562
417,1.5284138081489757e-06,0.00045611900387460447,0.0153044443577528,0.0006069305343431223,0.01706729829311371
418,1.5131296700674859e-06,0.000456540897525641,0.015321501530706882,0.000607500704507874,0.01708301715552807
419,1.497998373366811e-06,0.00045726143391539487,0.015328525565564632,0.0006083668180843645,0.01709245890378952
420,1.4830183896331429e-06,0.00045658151899929906,0.015322256833314896,0.0006080464633986022,0.017090529203414917
421,1.4681882057368114e-06,0.00045509789608631573,0.015296930447220802,0.0006062030855289114,0.017064444720745087
422,1.4535063236794433e-06,0.0004558624129664791,0.015310770832002163,0.0006076163714661327,0.017082732170820236
423,1.4389712604426489e-06,0.0004556120852463403,0.015316183678805828,0.0006068740371881072,0.017083900049328804
424,1.4245815478382223e-06,0.00045472116285711023,0.015297926031053066,0.0006060570321173392,0.0170685313642025
425,1.41033573235984e-06,0.0004546264707354294,0.015294951386749744,0.0006060224530507837,0.017067400738596916
426,1.3962323750362417e-06,0.0004538317362536507,0.015287681482732296,0.0006053470890350159,0.017064448446035385
427,1.3822700512858793e-06,0.0004550668167357152,0.015316278673708439,0.0006062493097768043,0.017085561528801918
428,1.3684473507730206e-06,0.00045379577030264047,0.015297887846827507,0.0006047728149793134,0.017068499699234962
429,1.3547628772652903e-06,0.0004531354639024057,0.015279024839401245,0.0006040085751139291,0.017051227390766144
430,1.3412152484926373e-06,0.0004531291009613004,0.015286765992641449,0.0006043429374188547,0.017061872407794
431,1.327803096007711e-06,0.0004538963214070247,0.01530405879020691,0.0006049788183410484,0.017076699063181877
432,1.3145250650476338e-06,0.00045340693076798856,0.01529833022505045,0.0006046704622655524,0.017073864117264748
433,1.3013798143971574e-06,0.0004521217279833196,0.015275600366294384,0.0006030558442095022,0.01705119200050831
434,1.2883660162531858e-06,0.00045101968213296246,0.015260818414390087,0.0006015787568202876,0.017036622390151024
435,1.275482356090654e-06,0.0004517078718623862,0.01527773030102253,0.0006023236969814635,0.017051996663212776
436,1.2627275325297475e-06,0.00045130993060367344,0.015280211344361305,0.0006017853659882421,0.01705191470682621
437,1.25010025720445e-06,0.0004510522392480637,0.015273362398147583,0.0006014386112984106,0.017046406865119934
438,1.2375992546324055e-06,0.00045065171143459986,0.015266668051481247,0.0006016732306814121,0.0170476995408535
439,1.2252232620860815e-06,0.0004505158490635199,0.015270496718585491,0.0006008393145378644,0.017043957486748695
440,1.2129710294652207e-06,0.00044875752034789697,0.015240967273712158,0.0005988831487367277,0.01701781153678894
441,1.2008413191705684e-06,0.0004488800949525709,0.01524648442864418,0.0005993985262873435,0.017027651891112328
442,1.1888329059788626e-06,0.00044892777637632023,0.015250703319907188,0.0005992434714084527,0.01702970638871193
443,1.176944576919074e-06,0.00044915541757087644,0.01525912992656231,0.0005993196503197218,0.01703525148332119
444,1.1651751311498833e-06,0.0004481075861387698,0.015247016213834286,0.0005983546678407956,0.017026880756020546
445,1.1535233798383844e-06,0.00044657384042785537,0.015224416740238667,0.0005959300077375905,0.016998376697301865
446,1.1419881460400005e-06,0.0004471033509483089,0.015228444710373878,0.0005975036803863165,0.01701422594487667
447,1.1305682645796006e-06,0.00044670857144934545,0.015231885015964508,0.0005963307272712757,0.017008407041430473
448,1.1192625819338046e-06,0.000446467061432583,0.015227043069899082,0.0005962842750327347,0.01700875721871853
449,1.1080699561144667e-06,0.00044455517882355683,0.01520394254475832,0.0005941350196389756,0.01698778010904789
450,1.096989256553322e-06,0.00044426020339513735,0.01519952155649662,0.000593283680962697,0.01697840727865696
451,1.0860193639877888e-06,0.00044305426342716535,0.015181787312030792,0.0005919335765805633,0.016961393877863884
452,1.075159170347911e-06,0.000444581846675104,0.01521421317011118,0.0005937928208011884,0.01699579693377018
453,1.0644075786444319e-06,0.0004441838909319764,0.015213646925985813,0.0005929703259249273,0.01699133589863777
454,1.0537635028579876e-06,0.00044200720336095786,0.015170363709330559,0.0005912936061926121,0.016960404813289642
455,1.0432258678294076e-06,0.0004435956759492457,0.015208450146019459,0.0005919382085955388,0.016985518857836723
456,1.0327936091511135e-06,0.00044175171081764703,0.015178684145212173,0.0005899864080413236,0.016956578940153122
457,1.0224656730596024e-06,0.00044275742318319807,0.015200072899460793,0.0005913823841575008,0.016980761662125587
458,1.0122410163290064e-06,0.0004415929506682575,0.01517727691680193,0.0005900177394665596,0.01695951633155346
459,1.0021186061657163e-06,0.0004402475277195255,0.01516590267419815,0.0005884240985613989,0.01694846712052822
460,9.920974201040592e-07,0.000440918752270847,0.015176709741353989,0.0005891306635353328,0.016958875581622124
461,9.821764459030185e-07,0.00044044622453560646,0.015170765109360218,0.0005881265842519344,0.016948383301496506
462,9.723546814439882e-07,0.0004401803793859967,0.015170604921877384,0.0005880507269748641,0.0169514250010252
463,9.626311346295483e-07,0.00043936828106104134,0.015162792056798935,0.0005871042113588587,0.01694394275546074
464,9.530048232832528e-07,0.00043941535983702484,0.015165222808718681,0.0005869460409262896,0.016945991665124893
465,9.434747750504203e-07,0.0004380464814420717,0.01514008641242981,0.000585190718539054,0.016920005902647972
466,9.340400272999161e-07,0.00043787110431948805,0.015145624056458473,0.0005850505239897719,0.016926640644669533
467,9.246996270269168e-07,0.0004374207419509183,0.015143845230340958,0.0005843669368784509,0.016923140734434128
468,9.154526307566476e-07,0.00043711252508536877,0.015131751075387001,0.0005843365618001851,0.01691627688705921
469,9.062981044490811e-07,0.0004370812407156442,0.015139901079237461,0.0005838670221224927,0.016921045258641243
470,8.972351234045903e-07,0.0004368234435569319,0.015142479911446571,0.0005839367906272593,0.01692676544189453
471,8.882627721705444e-07,0.00043674641523121243,0.015144815668463707,0.000583624397775827,0.016927441582083702
472,8.793801444488389e-07,0.0004363548494406507,0.01513828057795763,0.0005829999917388985,0.01691986620426178
473,8.705863430043506e-07,0.00043549645576929227,0.015131475403904915,0.0005817434071375418,0.016910435631871223
474,8.618804795743071e-07,0.00043522259748124994,0.015129919163882732,0.000581505205107582,0.01691003516316414
475,8.532616747785639e-07,0.00043497815157558583,0.01512637734413147,0.00058109833943526,0.016906578093767166
476,8.447290580307783e-07,0.000434335904910666,0.015117005445063114,0.0005804821391509447,0.016899442300200462
477,8.362817674504705e-07,0.0004347782251348883,0.015128025785088539,0.0005808860665581925,0.016909778118133545
478,8.279189497759658e-07,0.0004351375510226502,0.015141905285418034,0.0005812863576526217,0.016925249248743057
479,8.196397602782061e-07,0.000435153896038221,0.015133346430957317,0.0005813679477364533,0.01691691018640995
480,8.114433626754241e-07,0.000433808882524289,0.015120781026780605,0.000579740057815998,0.016904031857848167
481,8.033289290486699e-07,0.0004339746420439043,0.015129663981497288,0.0005799048276244633,0.0169131550937891
482,7.952956397581832e-07,0.0004336271445596275,0.015120011754333973,0.0005795347189365861,0.016903484240174294
483,7.873426833606014e-07,0.0004341503446427299,0.015126967802643776,0.0005807076102605649,0.016918348148465157
484,7.794692565269954e-07,0.00043424340380003855,0.015138109214603901,0.0005803653348195585,0.016924891620874405
485,7.716745639617255e-07,0.00043254352959242885,0.015114468522369862,0.0005781245574099877,0.01689712516963482
486,7.639578183221082e-07,0.00043291490960786766,0.015126335434615612,0.0005786282063757701,0.016911979764699936
487,7.563182401388871e-07,0.00043287356605532616,0.015118096955120564,0.0005787426635692799,0.01690581440925598
488,7.487550577374982e-07,0.00043280478510009844,0.015118904411792755,0.0005785749727495694,0.016906682401895523
489,7.412675071601232e-07,0.00043290034303345923,0.015128550119698048,0.0005785589294731055,0.01691533252596855
490,7.33854832088522e-07,0.0004312667516782851,0.015088295564055443,0.0005769087361352652,0.016877414658665657
491,7.265162837676368e-07,0.00043256055336534765,0.01512683741748333,0.0005780257202715786,0.016912775114178658
492,7.192511209299604e-07,0.00043102262320790096,0.015099660493433475,0.0005764869202970282,0.016888178884983063
493,7.120586097206608e-07,0.0004331279817617155,0.015139040537178516,0.0005785923136232896,0.016926683485507965
494,7.049380236234542e-07,0.0004319856671539949,0.01511787436902523,0.0005773995521398993,0.016906624659895897
495,6.978886433872197e-07,0.00043117458273305527,0.015101855620741844,0.0005768638216229902,0.01689600758254528
496,6.909097569533475e-07,0.00043164873037762993,0.015111314132809639,0.000577303088158932,0.016904866322875023
497,6.84000659383814e-07,0.000432381431698951,0.015136911533772945,0.0005775974058135894,0.016923578456044197
498,6.771606527899759e-07,0.00043122690480704525,0.01511246245354414,0.0005763515656839336,0.01690095290541649
499,6.703890462620762e-07,0.0004309618293826857,0.015108902007341385,0.0005762508642990829,0.016899969428777695
500,6.636851557994554e-07,0.00043173040632961054,0.015123693272471428,0.0005773375670382834,0.016916951164603233
501,6.570483042414608e-07,0.0004309381372883116,0.01510954461991787,0.00057639109285014,0.016903558745980263
502,6.504778211990463e-07,0.0004305341279817537,0.015103147365152836,0.0005761418362349146,0.01690060831606388
503,6.439730429870558e-07,0.00042990205361948094,0.015097756870090961,0.0005751660041632747,0.016892973333597183
504,6.375333125571852e-07,0.0004313345132807556,0.015126670710742474,0.0005766257431320778,0.016919845715165138
505,6.311579794316134e-07,0.00043151042538278837,0.01512625440955162,0.0005771277322546165,0.016924172639846802
506,6.248463996372972e-07,0.00043054398656467357,0.01511105801910162,0.0005760316384287034,0.016909029334783554
507,6.185979356409242e-07,0.0004307753630371572,0.015110601671040058,0.0005762886501367765,0.016909683123230934
508,6.12411956284515e-07,0.00042965164704125415,0.015102420933544636,0.0005748980632789126,0.01690012775361538
509,6.062878367216698e-07,0.00042985406567420096,0.015099216252565384,0.0005754914785556902,0.016901560127735138
510,6.002249583544531e-07,0.0004299792619638927,0.01511021051555872,0.0005754680565760767,0.01690995693206787
511,5.942227087709086e-07,0.000430073183105921,0.01511252298951149,0.0005754557941221162,0.016911553218960762
512,5.882804816831995e-07,0.0004301894063465877,0.015115303918719292,0.0005758388597655503,0.01691809669137001
513,5.823976768663675e-07,0.0004298709925260179,0.01511097326874733,0.000575432587078134,0.016913022845983505
514,5.765737000977038e-07,0.0004304247148621923,0.015117226168513298,0.000576320384921314,0.01692359894514084
515,5.708079630967267e-07,0.0004295786016673081,0.01510664913803339,0.0005754019141843903,0.01691371202468872
516,5.650998834657594e-07,0.00042932055201125264,0.015097158960998058,0.000574933607020615,0.016903532668948174
517,5.594488846311018e-07,0.0004305830860131072,0.015120764262974262,0.0005762616203738381,0.01692635379731655
518,5.538543957847908e-07,0.00042994060796009093,0.015113682486116886,0.000575636841253438,0.016920259222388268
519,5.483158518269429e-07,0.00043022853623714724,0.01511838287115097,0.000576084609146781,0.016927316784858704
520,5.428326933086734e-07,0.00042970457798786557,0.015107703395187855,0.000575544285397731,0.016918495297431946
521,5.374043663755867e-07,0.0004301960208157075,0.015121539123356342,0.0005757908781732658,0.01692821830511093
522,5.320303227118309e-07,0.00043010178635657524,0.015121602453291416,0.0005756082346756676,0.016928907483816147
523,5.267100194847126e-07,0.0004297089489476696,0.015114559791982174,0.0005754349507722724,0.016923824325203896
524,5.214429192898654e-07,0.00043035092541265533,0.015124083496630192,0.0005762402076025468,0.01693578064441681
525,5.162284900969668e-07,0.0004301398290262096,0.01512274518609047,0.0005759806221240101,0.01693558879196644
526,5.110662051959972e-07,0.00043000704482496263,0.015118373557925224,0.0005758836401226907,0.016931474208831787
527,5.059555431440372e-07,0.0004303875075143663,0.015124677680432796,0.0005765645900659058,0.016940470784902573
528,5.008959877125968e-07,0.00042979104031135517,0.01512659527361393,0.0005751483989712306,0.016934720799326897
529,4.958870278354709e-07,0.00043000049441756124,0.015126409940421581,0.0005758549291972464,0.01694028452038765
530,4.909281575571161e-07,0.00042961462368716255,0.015116994269192219,0.0005755050033705591,0.016932209953665733
531,4.860188759815449e-07,0.00042987941874680544,0.015126894228160381,0.0005761411036913496,0.01694542169570923
532,4.811586872217294e-07,0.0004296874619649244,0.01512369979172945,0.0005756211434237181,0.01693917065858841
533,4.763471003495121e-07,0.00042948419694271295,0.015114042907953262,0.0005756838562555672,0.016933750361204147
534,4.71583629346017e-07,0.00042964817814241236,0.015116007067263126,0.0005756984456943213,0.01693420670926571
535,4.6686779305255684e-07,0.00042945908805107233,0.015118541195988655,0.000575667308276451,0.016939252614974976
536,4.6219911512203126e-07,0.00042994459742224235,0.015127738937735558,0.0005758598707581015,0.016943752765655518
537,4.575771239708109e-07,0.0004282057341887868,0.015094330534338951,0.0005739696241708168,0.016912946477532387
538,4.530013527311028e-07,0.0004290564801747203,0.015111892484128475,0.0005750354426840173,0.016930412501096725
539,4.4847133920379176e-07,0.00042809448578040815,0.015096655115485191,0.0005739418698680756,0.016916265711188316
540,4.4398662581175385e-07,0.0004280500613086568,0.01509863045066595,0.000573725594693891,0.0169170331209898
541,4.395467595536363e-07,0.00042840592909429757,0.015101672150194645,0.0005743703495319016,0.016922054812312126
542,4.3515129195809993e-07,0.0004289497903691275,0.015108931809663773,0.0005751301637103801,0.01693154126405716
543,4.3079977903851894e-07,0.0004283390490270581,0.015099534764885902,0.000574318675456957,0.016921456903219223
544,4.2649178124813375e-07,0.0004276758689528189,0.015090681612491608,0.0005734200270820727,0.016910461708903313
545,4.2222686343565244e-07,0.0004283411741123699,0.015098268166184425,0.0005745202586441904,0.01692352071404457
546,4.180045948012959e-07,0.0004283494380892868,0.015103166922926903,0.0005742157145956221,0.016924995929002762
547,4.1382454885328295e-07,0.000428991694537934,0.015115415677428246,0.0005752004705245696,0.016939768567681313
548,4.096863033647501e-07,0.00042716850363260216,0.015080268494784832,0.0005732453857470835,0.016906408593058586
549,4.055894403311026e-07,0.0004281371929947635,0.015102967619895935,0.0005741016208802687,0.016926338896155357
550,4.015335459277916e-07,0.00042795791441723586,0.01509656012058258,0.0005739794665298437,0.016921551898121834
551,3.9751821046851366e-07,0.00042817229839709777,0.015098839066922665,0.0005745784204321204,0.016927344724535942
552,3.9354302836382854e-07,0.00042832066694117177,0.015105136670172215,0.0005746779861620882,0.016933070495724678
553,3.896075980801902e-07,0.0004278874070762849,0.015088853426277637,0.0005742769615668118,0.016918253153562546
554,3.857115220993883e-07,0.00042796476941786663,0.015100231394171715,0.0005742279546270324,0.01692795380949974
555,3.8185440687839444e-07,0.00042711758032810916,0.015084323473274708,0.0005732377924192194,0.016912905499339104
556,3.780358628096105e-07,0.00042770519586187274,0.015098177827894688,0.0005737715434006649,0.01692485623061657
557,3.7425550418151436e-07,0.0004279007439839866,0.015099949203431606,0.0005740884425109762,0.016928186640143394
558,3.705129491396992e-07,0.00042781514697114544,0.01510065607726574,0.0005739128704632433,0.01692831516265869
559,3.668078196483022e-07,0.00042744600045079,0.015088573098182678,0.0005736883022496263,0.01691826432943344
560,3.6313974145181915e-07,0.0004262805875397252,0.015073401853442192,0.0005721832738058795,0.016901254653930664
561,3.5950834403730094e-07,0.000426210382645417,0.015068789012730122,0.0005720981022193323,0.01689712516963482
562,3.559132605969279e-07,0.0004275720006957819,0.015094068832695484,0.0005738781621555509,0.016925383359193802
563,3.5235412799095866e-07,0.0004276325335212026,0.015095158480107784,0.0005738321146180088,0.016925105825066566
564,3.4883058671104905e-07,0.0004265786133956081,0.015073705464601517,0.0005728213881666368,0.01690484769642353
565,3.4534228084393853e-07,0.0004263620495473804,0.015066144056618214,0.0005726787793848177,0.01689979061484337
566,3.4188885803549914e-07,0.00042748110899452495,0.01509012933820486,0.0005740018266848435,0.016923334449529648
567,3.3846996945514413e-07,0.00042553310542767204,0.015062646940350533,0.0005711362983122782,0.016889497637748718
568,3.350852697605927e-07,0.0004257463811970491,0.015059342607855797,0.0005715760448997494,0.016889039427042007
569,3.317344170629868e-07,0.00042635220226343735,0.01507173478603363,0.0005723847746641191,0.016903160139918327
570,3.2841707289235693e-07,0.00042611176683190804,0.015068159438669682,0.0005722302198398619,0.01690053381025791
571,3.2513290216343336e-07,0.00042585480697308176,0.01506189163774252,0.0005717163276711044,0.016890941187739372
572,3.2188157314179904e-07,0.00042590121974518344,0.015065007843077183,0.0005716373760003827,0.016892312094569206
573,3.186627574103811e-07,0.0004255630713608165,0.015061884187161922,0.000571280975746603,0.0168897807598114
574,3.1547612983627727e-07,0.00042541551857753135,0.01505958940833807,0.0005713401809962306,0.016891228035092354
575,3.123213685379145e-07,0.00042607067079874887,0.015066446736454964,0.0005720935489982047,0.01689808815717697
576,3.0919815485253534e-07,0.00042539321383946695,0.015060124918818474,0.0005711003981225785,0.01688837632536888
577,3.0610617330401e-07,0.0004251701839638907,0.015054588206112385,0.000570765781317162,0.01688298210501671
578,3.030451115709699e-07,0.0004252458745406037,0.015053116716444492,0.0005711038522480412,0.01688441075384617
579,3.0001466045526016e-07,0.0004252599392374203,0.015058621764183044,0.0005708696206745013,0.01688736118376255
580,2.9701451385070753e-07,0.00042498703625815115,0.015053022652864456,0.000570709151104625,0.016882751137018204
581,2.9404436871220046e-07,0.00042537542462545765,0.015056313015520573,0.0005712663530428083,0.016887450590729713
582,2.911039250250785e-07,0.0004258195401574491,0.015060069039463997,0.0005719656169919483,0.01689412258565426
583,2.881928857748277e-07,0.00042480337358525607,0.015050387941300869,0.0005703401824696391,0.0168783999979496
584,2.8531095691707943e-07,0.00042450860690668434,0.0150451036170125,0.0005701153911534343,0.01687471754848957
585,2.8245784734790865e-07,0.00042389149826650317,0.015036972239613533,0.0005691603747885933,0.01686352677643299
586,2.7963326887442956e-07,0.0004244120345656864,0.015039575286209583,0.0005701838734054154,0.016871094703674316
587,2.768369361856853e-07,0.0004243712896362177,0.015049806796014309,0.0005696816745367082,0.01687486656010151
588,2.7406856682382843e-07,0.0004241620984625344,0.015042612329125404,0.0005694893516800277,0.016868898645043373
589,2.7132788115559013e-07,0.0004234344786107627,0.015031485818326473,0.0005685018475188576,0.016855983063578606
590,2.686146023440342e-07,0.0004232547178065327,0.0150297237560153,0.0005682909589534609,0.01685396395623684
591,2.659284563205939e-07,0.00042348019791629366,0.015030049718916416,0.0005686585484961317,0.016855726018548012
592,2.632691717573879e-07,0.00042365781174279985,0.015035852789878845,0.0005687543080370233,0.016860900446772575
593,2.60636480039814e-07,0.00042316140361848854,0.015028565190732479,0.0005678835464395453,0.016849664971232414
594,2.5803011523941586e-07,0.0004225828470104355,0.015019549988210201,0.0005673636361097102,0.01684197410941124
595,2.554498140870217e-07,0.00042306784548122936,0.0150293605402112,0.0005680259515256355,0.016853386536240578
596,2.528953159461515e-07,0.0004236082027012601,0.015035755932331085,0.0005686137724743907,0.01685955375432968
597,2.5036636278669e-07,0.00042313718022657094,0.015029937028884888,0.0005680711021859974,0.016853710636496544
598,2.478626991588231e-07,0.000423278202440527,0.015032812021672726,0.0005681271826113886,0.016855264082551003
599,2.453840721672349e-07,0.0004233550390052711,0.015034257434308529,0.0005681278685076898,0.01685469225049019
600,2.4293023144556253e-07,0.00042264022604543547,0.015025283209979534,0.0005672777809962938,0.01684545911848545
601,2.405009291311069e-07,0.00042248451381530935,0.015025023370981216,0.000567150571247397,0.01684672012925148
602,2.380959198397958e-07,0.00042260547451439354,0.015025969594717026,0.0005671268796947473,0.016845421865582466
603,2.3571496064139784e-07,0.0004225178291889052,0.015023848041892052,0.0005670700964252712,0.016843872144818306
604,2.3335781103498386e-07,0.00042225942492212914,0.015023937448859215,0.0005665715399952485,0.016841232776641846
605,2.3102423292463402e-07,0.00042276628934923466,0.015032955445349216,0.0005672375887395019,0.0168505497276783
606,2.2871399059538767e-07,0.0004222194533446887,0.015017440542578697,0.0005667153780390166,0.016836494207382202
607,2.264268506894338e-07,0.0004223193767943109,0.015028233639895916,0.0005665357860836155,0.01684447005391121
608,2.2416258218253945e-07,0.00042189126127758456,0.015022477135062218,0.0005658762094888512,0.016836559399962425
609,2.2192095636071405e-07,0.0004224715732298306,0.015029714442789555,0.0005666190701662057,0.01684447191655636
610,2.1970174679710692e-07,0.0004214982527908193,0.01501393597573042,0.0005655763108141136,0.0168299563229084
611,2.1750472932913584e-07,0.00042190256744424354,0.015021820552647114,0.00056599353000295,0.0168369859457016
612,2.1532968203584447e-07,0.0004212252119483093,0.015014569275081158,0.0005650647948715845,0.016827762126922607
613,2.1317638521548603e-07,0.00042115828713687405,0.01501716859638691,0.0005647726352148657,0.01682761125266552
614,2.1104462136333115e-07,0.0004211392393841162,0.015016230754554272,0.0005648119771728042,0.01682758703827858
615,2.0893417514969784e-07,0.0004204383204977899,0.015000330284237862,0.0005639851721971432,0.016811691224575043
616,2.0684483339820086e-07,0.000421054896495041,0.015014294534921646,0.0005646312557782091,0.016824442893266678
617,2.0477638506421884e-07,0.00042082199330135375,0.015013329684734344,0.000564302751293051,0.0168222114443779
618,2.0272862121357665e-07,0.00042058813855520887,0.015006517991423607,0.0005642753562758368,0.016818800941109657
619,2.0070133500144087e-07,0.00042092266325634075,0.015015040524303913,0.0005644163925393202,0.01682482473552227
620,1.9869432165142646e-07,0.0004199583481390694,0.014997267164289951,0.0005632915782799046,0.01680630072951317
621,1.967073784349122e-07,0.0004205716639257106,0.015010202303528786,0.0005638915198183158,0.016817912459373474
622,1.9474030465056307e-07,0.0004199582529389138,0.014999138191342354,0.0005632200250359142,0.016806911677122116
623,1.9279290160405745e-07,0.00042014900403938523,0.015005519613623619,0.0005632666147230376,0.016811568289995193
624,1.9086497258801688e-07,0.00042023803700150675,0.015006471425294876,0.0005634250853921769,0.0168130025267601
625,1.889563228621367e-07,0.0004196857042126275,0.015000954270362854,0.0005625667528619898,0.01680508255958557
626,1.8706675963351533e-07,0.0004198062956018848,0.015003782697021961,0.000562736936592529,0.016808301210403442
627,1.8519609203718017e-07,0.00042000816311533773,0.015005761757493019,0.0005631178053606011,0.016812298446893692
628,1.8334413111680836e-07,0.00042012158787180167,0.015007717534899712,0.0005631476540966268,0.016812575981020927
629,1.8151068980564027e-07,0.0004192441964737757,0.014997942373156548,0.0005618811283076217,0.016800066456198692
630,1.7969558290758388e-07,0.00041928047402462127,0.014997785910964012,0.0005620061801129826,0.016800617799162865
631,1.7789862707850804e-07,0.0004193502406469329,0.014997350051999092,0.0005621852301294939,0.016800688579678535
632,1.7611964080772295e-07,0.0004184845571722266,0.01498978491872549,0.0005607857483860325,0.016788925975561142
633,1.743584443996457e-07,0.0004190982983456777,0.014998664148151875,0.0005615708120774846,0.016797972843050957
634,1.7261485995564926e-07,0.00041912912439454037,0.014996293000876904,0.0005616958726070069,0.01679636724293232
635,1.7088871135609276e-07,0.00041917005907152167,0.01500192191451788,0.0005615803877622638,0.016800716519355774
636,1.6917982424253182e-07,0.0004185949686274694,0.01498986966907978,0.0005609715657495383,0.016788998618721962
637,1.674880260001065e-07,0.0004183975564653514,0.01499271672219038,0.000560563301784257,0.016789905726909637
638,1.6581314574010544e-07,0.0004182425673196174,0.014992249198257923,0.0005603032185923109,0.01678873598575592
639,1.641550142827044e-07,0.0004177208066674358,0.014982949942350388,0.0005595454951537717,0.016777213662862778
640,1.6251346413987734e-07,0.0004183613368724744,0.014992548152804375,0.0005603153184433656,0.016787011176347733
641,1.6088832949847855e-07,0.00041809815775291955,0.014992304146289825,0.0005599601844204819,0.016786381602287292
642,1.5927944620349377e-07,0.00041718302105214436,0.014980263076722622,0.0005587980694948466,0.016773100942373276
643,1.5768665174145885e-07,0.0004179651055316793,0.014993445947766304,0.0005595069009721485,0.016783596947789192
644,1.5610978522404426e-07,0.0004174027275062585,0.01498399954289198,0.0005589797358458011,0.016775641590356827
645,1.545486873718038e-07,0.0004168115496697474,0.014974330551922321,0.0005582041837883386,0.016765495762228966
646,1.5300320049808578e-07,0.0004173039549690029,0.014985837042331696,0.0005587201439161553,0.01677575148642063
647,1.514731684931049e-07,0.0004163440523882254,0.014971418306231499,0.0005574661730210006,0.01675943285226822
648,1.4995843680817387e-07,0.0004169795531191732,0.014985091984272003,0.0005581001962116835,0.016772320494055748
649,1.4845885244009213e-07,0.00041644095037509624,0.014974083751440048,0.0005574708844625891,0.016761859878897667
650,1.469742639156912e-07,0.0004163156364531534,0.014972487464547157,0.0005573018018716465,0.016759391874074936
651,1.4550452127653428e-07,0.00041700927750189557,0.014985354617238045,0.0005580813354816319,0.016771627590060234
652,1.4404947606376893e-07,0.000416616725084608,0.01497865654528141,0.0005575891708423655,0.016764596104621887
653,1.4260898130313124e-07,0.00041641757475550066,0.014975666999816895,0.0005574986141439061,0.016763007268309593
654,1.4118289149009994e-07,0.0004160602849926059,0.014974859543144703,0.0005567972981083608,0.016759224236011505
655,1.3977106257519893e-07,0.00041574922238559364,0.014968271367251873,0.0005564480062684794,0.016752537339925766
656,1.3837335194944693e-07,0.00041539955617377495,0.014965265989303589,0.0005559563286424648,0.016749102622270584
657,1.3698961842995244e-07,0.0004153853795748181,0.01496284082531929,0.000555980876612967,0.016747379675507545
658,1.356197222456529e-07,0.0004156547890358727,0.014970874413847923,0.0005560974474864152,0.016752585768699646
659,1.3426352502319638e-07,0.00041507048771608016,0.014964343048632145,0.0005553624675218198,0.01674589328467846
660,1.329208897729644e-07,0.00041511386864912333,0.01496186014264822,0.0005554513664434255,0.016743484884500504
661,1.3159168087523476e-07,0.0004148534633267319,0.014959139749407768,0.0005550760845234006,0.016740363091230392
662,1.302757640664824e-07,0.0004147465652881974,0.014959113672375679,0.0005549537989039181,0.016740022227168083
663,1.289730064258176e-07,0.00041444998357213027,0.014957517385482788,0.0005543919679633064,0.016736268997192383
664,1.2768327636155942e-07,0.00041461719024831547,0.014963598921895027,0.0005545963527693894,0.016741879284381866
665,1.2640644359794382e-07,0.0004144889359398941,0.014960930682718754,0.0005544243550346462,0.01673894375562668
666,1.2514237916196437e-07,0.00041404253810875834,0.014953390695154667,0.0005538948948877749,0.01673140749335289
667,1.2389095537034472e-07,0.00041327016074021533,0.014942134730517864,0.0005528706178036464,0.016719428822398186
668,1.2265204581664128e-07,0.00041353472436068847,0.014950218610465527,0.0005531830071665451,0.016727900132536888
669,1.2142552535847487e-07,0.0004136116615130562,0.01495269127190113,0.0005531687798214835,0.01672869175672531
670,1.2021127010489012e-07,0.0004136768657910457,0.014952427707612514,0.0005531968992089328,0.01672772690653801
671,1.1900915740384121e-07,0.00041361870417097645,0.01495863776654005,0.0005529574174709653,0.016732389107346535
672,1.178190658298028e-07,0.00041365564888720506,0.014957335777580738,0.0005530563693717329,0.016731547191739082
673,1.1664087517150477e-07,0.0004130675697202023,0.01494952104985714,0.0005522663078416312,0.016722727566957474
674,1.1547446641978973e-07,0.00041277482581963146,0.014946185983717442,0.0005519249158233634,0.016720015555620193
675,1.1431972175559184e-07,0.0004128729409635859,0.014949895441532135,0.0005519304160438584,0.01672210916876793
676,1.1317652453803591e-07,0.0004127849062148915,0.014943319372832775,0.0005519117117379845,0.01671694777905941
677,1.1204475929265556e-07,0.0004124424994962852,0.014945531263947487,0.0005513894134866714,0.016717154532670975
678,1.10924311699729e-07,0.0004122546860906825,0.014942602254450321,0.000551066532244393,0.016713682562112808
679,1.0981506858273171e-07,0.0004124009859472136,0.014944729395210743,0.0005513412868612538,0.016717027872800827
680,1.0871691789690439e-07,0.00041216444366434275,0.014943708665668964,0.0005510297570235796,0.016715463250875473
681,1.0762974871793535e-07,0.0004120500061471583,0.014939761720597744,0.0005509440107972055,0.016712291166186333
682,1.0655345123075599e-07,0.00041187388052995845,0.01493849791586399,0.0005506767624798037,0.016710782423615456
683,1.0548791671844843e-07,0.00041150784552355794,0.01493595540523529,0.0005501953430023002,0.016708049923181534
684,1.0443303755126395e-07,0.0004115451190136994,0.014935314655303955,0.0005501901829819127,0.016706911846995354
685,1.0338870717575131e-07,0.00041105105488017604,0.014931321144104004,0.0005494502237570129,0.016701195389032364
686,1.023548201039938e-07,0.00041119345351676745,0.014932971447706223,0.0005496632549516208,0.016703467816114426
687,1.0133127190295386e-07,0.00041081460122418905,0.014934451319277287,0.0005490876846007229,0.016703585162758827
688,1.0031795918392432e-07,0.0004106111556615796,0.014930208213627338,0.0005487728751660257,0.01669924706220627
689,9.931477959208507e-08,0.0004101902449422346,0.01492245588451624,0.000548333530456734,0.016691897064447403
690,9.832163179616422e-08,0.00041052035963198163,0.014929527416825294,0.0005488420237179398,0.016700508072972298
691,9.733841547820258e-08,0.0004096026541430316,0.01491941511631012,0.0005475479041824711,0.016689106822013855
692,9.636503132342055e-08,0.0004103251289636998,0.01492912508547306,0.000548405654096283,0.016697365790605545
693,9.540138101018634e-08,0.0004096027045727493,0.014921354129910469,0.0005474657084452931,0.016689565032720566
694,9.444736720008447e-08,0.0004095741944383486,0.014920310117304325,0.0005474937046841701,0.016689224168658257
695,9.350289352808363e-08,0.0004098163428771949,0.01492599118500948,0.0005476608579853483,0.016693204641342163
696,9.256786459280279e-08,0.0004090343605029139,0.014913459308445454,0.0005468442963880005,0.01668345369398594
697,9.164218594687476e-08,0.0004091222679088151,0.014912853948771954,0.0005468740260793883,0.016682136803865433
698,9.072576408740601e-08,0.0004089244780528926,0.014915644191205502,0.0005465574589901721,0.01668388769030571
699,8.981850644653195e-08,0.0004088513765798782,0.014916353859007359,0.0005464811257772172,0.016685357317328453
700,8.892032138206663e-08,0.00040875832388513356,0.014912244863808155,0.0005462946542740939,0.016680287197232246
701,8.803111816824596e-08,0.00040827838149598214,0.014909783378243446,0.00054570510528029,0.016678791493177414
702,8.71508069865635e-08,0.00040850091462314687,0.014910559169948101,0.0005460998850874428,0.016680197790265083
703,8.627929891669787e-08,0.0004078458228897077,0.014908034354448318,0.0005451275511962689,0.01667688973248005
704,8.541650592753089e-08,0.00040780218627396703,0.01490592211484909,0.0005450261748692821,0.016674384474754333
705,8.456234086825559e-08,0.00040744982306968033,0.014901554211974144,0.0005445743349587265,0.01667000725865364
706,8.371671745957303e-08,0.0004074179880741417,0.014906308613717556,0.0005445459071216563,0.016675304621458054
707,8.28795502849773e-08,0.00040733067825222605,0.014904843643307686,0.0005444331090766467,0.016674110665917397
708,8.205075478212752e-08,0.00040692213280207575,0.01489648874849081,0.0005440246321716222,0.016667086631059647
709,8.123024723430624e-08,0.0004070563224622264,0.014899884350597858,0.0005441375490872853,0.01666933111846447
710,8.041794476196319e-08,0.00040677086439825993,0.014898616820573807,0.0005438178390309004,0.016669413074851036
711,7.961376531434356e-08,0.0004062817948496348,0.014892211183905602,0.0005431594297471459,0.016662893816828728
712,7.881762766120012e-08,0.0004064026420669637,0.014895194210112095,0.0005433519169028394,0.0166668351739645
713,7.802945138458812e-08,0.0004061367933738016,0.01489127054810524,0.0005430771735629651,0.016664335504174232
714,7.724915687074224e-08,0.0004060923700307069,0.014890240505337715,0.0005430017866007848,0.01666259951889515
715,7.647666530203482e-08,0.00040599335256617157,0.014891905710101128,0.0005427971225413536,0.016663847491145134
716,7.571189864901447e-08,0.00040604242946124506,0.014893969520926476,0.0005429292277874426,0.01666676439344883
717,7.495477966252432e-08,0.0004059855130857439,0.014896253123879433,0.0005428373378376406,0.016668951138854027
718,7.420523186589907e-08,0.00040542927082738717,0.014885487966239452,0.0005421073162662407,0.016659071668982506
719,7.346317954724008e-08,0.00040516652948174875,0.014884646981954575,0.0005417893822254012,0.016659008339047432
720,7.272854775176768e-08,0.00040496756913662254,0.014886247925460339,0.0005415919830402982,0.016662193462252617
721,7.200126227425e-08,0.000405032711850224,0.014886196702718735,0.0005416860486865375,0.016661617904901505
722,7.12812496515075e-08,0.0004048258371504705,0.01488340925425291,0.0005414351639277479,0.016659267246723175
723,7.056843715499243e-08,0.00040468519657130324,0.014883117750287056,0.000541293963145127,0.01666002906858921
724,6.98627527834425e-08,0.0004041986486930682,0.014876512810587883,0.0005407485397280576,0.016655758023262024
725,6.916412525560807e-08,0.00040423767075149585,0.014879665337502956,0.0005407116715488734,0.016657566651701927
726,6.8472484003052e-08,0.0004040679382495643,0.014875801280140877,0.0005405043289836357,0.01665382832288742
727,6.778775916302147e-08,0.00040390194103968907,0.014875342138111591,0.0005404423676245636,0.01665610447525978
728,6.710988157139125e-08,0.0004037557891495732,0.014874247834086418,0.0005402617934611012,0.016655294224619865
729,6.643878275567734e-08,0.00040349933980505517,0.014872696250677109,0.0005399543017323256,0.016655439510941505
730,6.577439492812057e-08,0.00040342174907279186,0.014870630577206612,0.0005398723935473437,0.016652945429086685
731,6.511665097883936e-08,0.00040318610428221653,0.014869912527501583,0.0005395243096547141,0.01665303483605385
732,6.446548446905096e-08,0.0004030685667831985,0.014867677353322506,0.0005394918568680556,0.016652148216962814
733,6.382082962436045e-08,0.00040284095382110154,0.014866787008941174,0.0005391744204712374,0.01665181666612625
734,6.318262132811685e-08,0.0004028352015066595,0.014866829849779606,0.0005391657843497413,0.016651306301355362
735,6.255079511483568e-08,0.00040241265078558346,0.014864787459373474,0.0005386605365483633,0.016651788726449013
736,6.192528716368733e-08,0.0004023394158608004,0.014862602576613426,0.0005386965726576881,0.01665114425122738
737,6.130603429205046e-08,0.0004024568492845345,0.014865890145301819,0.0005387137177952229,0.016652911901474
738,6.069297394912995e-08,0.0004022554836477683,0.014862410724163055,0.0005386821324414288,0.0166530292481184
739,6.008604420963866e-08,0.0004019298659096829,0.014856325462460518,0.0005383276116906462,0.016648266464471817
740,5.948518376754227e-08,0.00040209658651141334,0.014862042851746082,0.0005384838660545244,0.01665310375392437
741,5.889033192986684e-08,0.0004017651056947163,0.014859767630696297,0.0005380595223760266,0.016652310267090797
742,5.8301428610568173e-08,0.00040155942826573425,0.014857449568808079,0.0005377694897622469,0.01665019430220127
743,5.771841432446249e-08,0.00040136501582303515,0.014853738248348236,0.000537669674327692,0.016648689284920692
744,5.7141230181217864e-08,0.00040133194231004764,0.014857216738164425,0.0005375941136576333,0.01665326952934265
745,5.656981787940569e-08,0.0004011588708885612,0.014855632558465004,0.0005372879102179467,0.016650939360260963
746,5.600411970061163e-08,0.0004011110816304892,0.014852932654321194,0.0005374370977345822,0.016651034355163574
747,5.544407850360551e-08,0.0004008324217879185,0.014852765947580338,0.0005370549507020608,0.016651896759867668
748,5.488963771856946e-08,0.00040076642425033993,0.01485239714384079,0.0005371371404489763,0.01665453054010868
749,5.434074134138376e-08,0.0004006437858384662,0.014851562678813934,0.000536931400157353,0.016653522849082947
750,5.379733392796992e-08,0.000400599350884961,0.014852212741971016,0.0005368836779017973,0.016654526814818382
751,5.3259360588690224e-08,0.00040030076728258835,0.014848552644252777,0.0005365228973500503,0.016652608290314674
752,5.272676698280332e-08,0.000400218065678026,0.014850023202598095,0.0005364686065121025,0.016655566170811653
753,5.2199499312975286e-08,0.0004000351837137558,0.014846245758235455,0.0005363774622331148,0.016654396429657936
754,5.167750431984553e-08,0.0003998200086178148,0.014845908619463444,0.0005361753895347147,0.016656430438160896
755,5.1160729276647075e-08,0.0003998919656437383,0.014846811071038246,0.0005362444911388119,0.016656771302223206
756,5.0649121983880604e-08,0.00039964348693365977,0.014841597527265549,0.0005360993807189573,0.016654901206493378
757,5.01426307640418e-08,0.0003995404664216491,0.014842843636870384,0.0005360435069598652,0.016658427193760872
758,4.964120445640138e-08,0.0003994639389754862,0.014841889031231403,0.0005359842071678824,0.01665816642343998
759,4.9144792411837366e-08,0.00039934176708184737,0.014841277152299881,0.0005359255861463287,0.016660116612911224
760,4.865334448771899e-08,0.00039912880979025656,0.01483768131583929,0.0005356651059766046,0.0166570283472538
761,4.81668110428418e-08,0.00039912844687526987,0.014840315096080303,0.0005356704562609633,0.016660617664456367
762,4.7685142932413384e-08,0.00039901696712781444,0.014836794696748257,0.0005355758532580076,0.016658280044794083
763,4.720829150308925e-08,0.0003988824077493871,0.014836499467492104,0.0005354973689222358,0.01666058413684368
764,4.673620858805836e-08,0.0003987948576766376,0.014836382120847702,0.0005354648470925962,0.016662323847413063
765,4.6268846502177776e-08,0.0003986260348797726,0.014835448935627937,0.0005353307441654745,0.01666411943733692
766,4.5806158037156e-08,0.0003985275272351054,0.014832866378128529,0.0005352653129174084,0.016662321984767914
767,4.5348096456784435e-08,0.00039849713571530346,0.014834649860858917,0.0005352496391661774,0.016665028408169746
768,4.489461549221659e-08,0.0003983392413124524,0.014832133427262306,0.0005351654708745794,0.016665402799844742
769,4.444566933729442e-08,0.00039823195574273043,0.014828843995928764,0.0005350864637437235,0.016663089394569397
770,4.4001212643921474e-08,0.0003981794186730928,0.014829697087407112,0.0005350758907131056,0.016665371134877205
771,4.356120051748226e-08,0.00039796224424007524,0.014827490784227848,0.0005349824272742833,0.01666744239628315
772,4.3125588512307436e-08,0.00039795699458299017,0.014830164611339569,0.000535011614093815,0.016671376302838326
773,4.269433262718436e-08,0.0003979106395572273,0.01482596155256033,0.000535060677449731,0.016667984426021576
774,4.2267389300912516e-08,0.0003977597360278477,0.014827649109065533,0.0005348027334681676,0.016670387238264084
775,4.1844715407903394e-08,0.0003976354179837409,0.01482633501291275,0.0005348001091706137,0.016672564670443535
776,4.142626825382436e-08,0.0003974899318467268,0.014823219738900661,0.0005347096564390757,0.01667216420173645
777,4.101200557128611e-08,0.00039738612904391277,0.014822310768067837,0.0005346709983071918,0.01667354442179203
